Предмет,mean,median,std,Q1_math,Q3_math,IQR_math
Математика,4.2,4.0,0.7888106377466155,4.0,5.0,1.0
Русский язык,4.3,4.0,0.6749485577105528,,,
Литература,4.4,4.5,0.6992058987801011,,,
Физика,4.1,4.0,0.7378647873726218,,,
Информатика,4.6,5.0,0.5163977794943222,,,
